{
  "prepare_queue": {
    "installed": [],
    "uninstalled": []
  },
  "config_munge": {
    "files": {
      "config.xml": {
        "parents": {
          "/*": [
            {
              "xml": "<feature name=\"Camera\"><param name=\"ios-package\" value=\"CDVCamera\" /></feature>",
              "count": 1
            },
            {
              "xml": "<preference name=\"CameraUsesGeolocation\" value=\"false\" />",
              "count": 1
            }
          ]
        }
      },
      "*-Info.plist": {
        "parents": {
          "NSCameraUsageDescription": [
            {
              "xml": "<string>your usage message</string>",
              "count": 1
            }
          ],
          "NSMicrophoneUsageDescription": [
            {
              "xml": "<string>your microphone usage message here</string>",
              "count": 1
            }
          ],
          "NSPhotoLibraryAddUsageDescription": [
            {
              "xml": "<string>your photo library usage message here</string>",
              "count": 1
            }
          ],
          "NSPhotoLibraryUsageDescription": [
            {
              "xml": "<string>your photo library usage message here</string>",
              "count": 1
            }
          ]
        }
      }
    }
  },
  "installed_plugins": {
    "cordova-plugin-whitelist": {
      "PACKAGE_NAME": "com.example.helloCamera"
    },
    "cordova-plugin-camera": {
      "PACKAGE_NAME": "com.example.helloCamera"
    },
    "cordova-plugin-ios-camera-permissions": {
      "CAMERA_USAGE_DESCRIPTION": "your usage message",
      "MICROPHONE_USAGE_DESCRIPTION": "your microphone usage message here",
      "PHOTOLIBRARY_ADD_USAGE_DESCRIPTION": "your photo library usage message here",
      "PHOTOLIBRARY_USAGE_DESCRIPTION": "your photo library usage message here",
      "PACKAGE_NAME": "com.example.helloCamera"
    }
  },
  "dependent_plugins": {},
  "modules": [
    {
      "id": "cordova-plugin-camera.Camera",
      "file": "plugins/cordova-plugin-camera/www/CameraConstants.js",
      "pluginId": "cordova-plugin-camera",
      "clobbers": [
        "Camera"
      ]
    },
    {
      "id": "cordova-plugin-camera.CameraPopoverOptions",
      "file": "plugins/cordova-plugin-camera/www/CameraPopoverOptions.js",
      "pluginId": "cordova-plugin-camera",
      "clobbers": [
        "CameraPopoverOptions"
      ]
    },
    {
      "id": "cordova-plugin-camera.camera",
      "file": "plugins/cordova-plugin-camera/www/Camera.js",
      "pluginId": "cordova-plugin-camera",
      "clobbers": [
        "navigator.camera"
      ]
    },
    {
      "id": "cordova-plugin-camera.CameraPopoverHandle",
      "file": "plugins/cordova-plugin-camera/www/ios/CameraPopoverHandle.js",
      "pluginId": "cordova-plugin-camera",
      "clobbers": [
        "CameraPopoverHandle"
      ]
    }
  ],
  "plugin_metadata": {
    "cordova-plugin-whitelist": "1.3.3",
    "cordova-plugin-camera": "4.0.1",
    "cordova-plugin-ios-camera-permissions": "1.2.0"
  }
}